1,Gerald,Shooter,gshooter0@is.gd,Male,1997
2,Wendi,Carpmile,wcarpmile1@cafepress.com,Female,1993
3,Remington,Bates,rbates2@economist.com,Male,1993
4,Jannelle,Imlock,jimlock3@weibo.com,Female,1990
5,Elwyn,Sarfat,esarfat4@1688.com,Male,2004
6,Brad,Alp,balp5@discuz.net,Male,2012
7,Tim,Mowsdell,tmowsdell6@people.com.cn,Male,2002
8,Lodovico,Rennox,lrennox7@nba.com,Male,1994
9,Roy,Cottey,rcottey8@1688.com,Male,2005
10,Fulvia,Stendell,fstendell9@guardian.co.uk,Female,2002
11,Jens,Hoogendorp,jhoogendorpa@jiathis.com,Male,1999
12,Gerti,Storrar,gstorrarb@artisteer.com,Female,2005
13,Ileane,Beernt,ibeerntc@examiner.com,Female,1998
14,Dag,Lichtfoth,dlichtfothd@archive.org,Male,2006
15,Goddart,Ianitti,gianittie@unesco.org,Male,1994
16,Imojean,Rhodus,irhodusf@tamu.edu,Female,1992
17,Coletta,Geddes,cgeddesg@huffingtonpost.com,Female,1972
18,Gusti,Goldfinch,ggoldfinchh@oaic.gov.au,Female,1987
19,Falkner,Boud,fboudi@theguardian.com,Male,1995
20,August,Fuchs,afuchsj@ucla.edu,Male,2012
21,Averill,Simenon,asimenonk@toplist.cz,Male,1987
22,Arline,Sabater,asabaterl@dailymail.co.uk,Female,2009
23,Debor,Micco,dmiccom@ameblo.jp,Female,2011
24,Aloisia,Cosins,acosinsn@naver.com,Female,2011
25,Jasen,Burney,jburneyo@japanpost.jp,Male,2001
26,Cherilyn,Mileham,cmilehamp@desdev.cn,Female,2009
27,Culley,Klyner,cklynerq@ocn.ne.jp,Male,1994
28,Felic,Mewis,fmewisr@bluehost.com,Male,2011
29,Murdoch,Rikard,mrikards@gnu.org,Male,2003
30,Eda,Kneaphsey,ekneaphseyt@nih.gov,Female,2009
31,Maridel,Bough,mboughu@kickstarter.com,Female,2008
32,Stephine,Plaxton,splaxtonv@wiley.com,Female,1986
33,Kaila,Vanstone,kvanstonew@nbcnews.com,Female,1985
34,Tybalt,Twede,ttwedex@cloudflare.com,Male,2003
35,Basilius,Karmel,bkarmely@alibaba.com,Male,1990
36,Laney,Grote,lgrotez@independent.co.uk,Male,2006
37,Allan,Feavyour,afeavyour10@goodreads.com,Male,2012
38,Graehme,Hrus,ghrus11@pcworld.com,Male,2002
39,Harmonie,Gabbitas,hgabbitas12@huffingtonpost.com,Female,1995
40,Vidovic,Levey,vlevey13@admin.ch,Male,2001
41,Mordecai,Plumridege,mplumridege14@twitpic.com,Male,2010
42,Hagen,Monkhouse,hmonkhouse15@google.ru,Male,2007
43,Levon,Cheng,lcheng16@scribd.com,Male,1996
44,Anjanette,Fiddian,afiddian17@sohu.com,Female,1997
45,Anatol,Felten,afelten18@ocn.ne.jp,Male,1996
46,Brandise,Mather,bmather19@java.com,Female,2009
47,Ninon,Fourmy,nfourmy1a@aol.com,Female,1967
48,Ken,Momford,kmomford1b@wix.com,Male,1992
49,Dan,Coltart,dcoltart1c@engadget.com,Male,2012
50,Dareen,Eagles,deagles1d@marketwatch.com,Female,1992
51,Loutitia,De Francisci,ldefrancisci1e@goo.ne.jp,Female,1990
52,Kelcie,Drugan,kdrugan1f@mediafire.com,Female,2001
53,Devi,Hassan,dhassan1g@virginia.edu,Female,2007
54,Konstance,Caiger,kcaiger1h@yolasite.com,Female,2007
55,Tremayne,Awton,tawton1i@booking.com,Male,1999
56,Kissie,Oleksinski,koleksinski1j@exblog.jp,Female,2001
57,Hurley,Chasney,hchasney1k@google.es,Male,1998
58,Brig,Wandless,bwandless1l@hostgator.com,Male,2001
59,Ann,Braniff,abraniff1m@uol.com.br,Female,1992
60,Suellen,Sach,ssach1n@marriott.com,Female,1993
61,Karia,Neil,kneil1o@umich.edu,Female,1994
62,Shurlocke,Leyban,sleyban1p@shinystat.com,Male,1999
63,Megen,Mishow,mmishow1q@booking.com,Female,1984
64,Filippa,Biswell,fbiswell1r@prlog.org,Female,2004
65,Kevon,Skey,kskey1s@seesaa.net,Male,1999
66,Delainey,Masson,dmasson1t@imgur.com,Male,1965
67,Alexandr,Bever,abever1u@yellowpages.com,Male,1999
68,Michel,Witherby,mwitherby1v@usa.gov,Male,2007
69,Benito,Livingstone,blivingstone1w@nifty.com,Male,1992
70,Chet,Harbinson,charbinson1x@sohu.com,Male,1992
71,Dunc,Sumpton,dsumpton1y@multiply.com,Male,2003
72,Belle,Peverell,bpeverell1z@jugem.jp,Female,1956
73,Elwin,Koenraad,ekoenraad20@accuweather.com,Male,2010
74,Mirabel,Pendleton,mpendleton21@cbc.ca,Female,1993
75,Taddeo,Sewart,tsewart22@google.com.br,Male,1992
76,Beverley,Deluce,bdeluce23@go.com,Female,2006
77,Dyane,Lindback,dlindback24@altervista.org,Female,2006
78,Terri,Mussard,tmussard25@virginia.edu,Male,2006
79,Fayre,Geldart,fgeldart26@t.co,Female,2007
80,Karena,Le Breton,klebreton27@shareasale.com,Female,2012
81,Bradford,Byrnes,bbyrnes28@deviantart.com,Male,1994
82,Alva,Notley,anotley29@independent.co.uk,Male,2012
83,Baird,Bernard,bbernard2a@globo.com,Male,2000
84,Julius,Keeling,jkeeling2b@flickr.com,Male,1996
85,Buck,Skells,bskells2c@creativecommons.org,Male,2008
86,Pauly,Laskey,plaskey2d@comcast.net,Female,1999
87,Knox,McCallum,kmccallum2e@usa.gov,Male,2010
88,Isadora,Christou,ichristou2f@dot.gov,Female,1989
89,Reine,Dovinson,rdovinson2g@acquirethisname.com,Female,2008
90,Georgi,Chatainier,gchatainier2h@apache.org,Male,2002
91,Rosamund,Sturmey,rsturmey2i@symantec.com,Female,1994
92,Rob,Minigo,rminigo2j@msn.com,Male,1991
93,Joline,Draycott,jdraycott2k@behance.net,Female,1996
94,Laurice,Morrel,lmorrel2l@fc2.com,Female,2000
95,Inga,Oliveras,ioliveras2m@disqus.com,Female,1995
96,Lauri,Shelborne,lshelborne2n@pinterest.com,Female,1992
97,Colin,Itshak,citshak2o@microsoft.com,Male,1992
98,Maurise,Blackett,mblackett2p@xrea.com,Male,2005
99,Barbee,Saunt,bsaunt2q@aol.com,Female,1955
100,Jeannie,Brogan,jbrogan2r@va.gov,Female,2003
101,Con,Gatchell,cgatchell2s@over-blog.com,Male,2004
102,Alene,Jent,ajent2t@joomla.org,Female,1993
103,Darline,Hadlington,dhadlington2u@blogs.com,Female,1966
104,Zebulon,Poxton,zpoxton2v@woothemes.com,Male,1986
105,Lila,Masterman,lmasterman2w@census.gov,Female,2004
106,Krissie,Kerkham,kkerkham2x@merriam-webster.com,Female,1995
107,Misty,Waud,mwaud2y@jimdo.com,Female,2005
108,Amandie,Noyes,anoyes2z@ning.com,Female,2004
109,Gwennie,Hasted,ghasted30@mashable.com,Female,2011
110,Judi,Bielefeld,jbielefeld31@epa.gov,Female,2011
111,Magdaia,Barajas,mbarajas32@posterous.com,Female,2006
112,Elmore,Linwood,elinwood33@tmall.com,Male,1985
113,Hamel,Abrahmson,habrahmson34@mtv.com,Male,2010
114,Fernanda,Iles,files35@cdc.gov,Female,1993
115,Francklyn,Spridgeon,fspridgeon36@dmoz.org,Male,2011
116,Jarad,Lofting,jlofting37@vinaora.com,Male,1997
117,Selle,Pattingson,spattingson38@newsvine.com,Female,2012
118,Grady,Chicken,gchicken39@hc360.com,Male,2009
119,Ted,Vannuccinii,tvannuccinii3a@so-net.ne.jp,Male,2004
120,Benetta,Pawlaczyk,bpawlaczyk3b@nytimes.com,Female,2007
121,Ingram,Newey,inewey3c@skyrock.com,Male,2007
122,Ricca,Miskin,rmiskin3d@1und1.de,Female,1997
123,Alfie,Spiers,aspiers3e@craigslist.org,Male,1994
124,Lezlie,Windybank,lwindybank3f@engadget.com,Female,1994
125,Aloysius,Jarrel,ajarrel3g@webnode.com,Male,2001
126,Clarence,Foxten,cfoxten3h@wordpress.org,Male,1999
127,Daniel,Hucquart,dhucquart3i@scribd.com,Male,2011
128,Mic,Hansel,mhansel3j@ed.gov,Male,1996
129,Ibrahim,Anespie,ianespie3k@apache.org,Male,2011
130,Cherilynn,Ilsley,cilsley3l@ft.com,Female,1995
131,Fredrick,Kliment,fkliment3m@discovery.com,Male,2010
132,Lawton,Ellar,lellar3n@usnews.com,Male,2012
133,Peyton,MacIntosh,pmacintosh3o@bloglovin.com,Male,1981
134,Donn,Gogie,dgogie3p@fastcompany.com,Male,2004
135,Maitilde,Chisnall,mchisnall3q@shop-pro.jp,Female,2005
136,Link,Kubera,lkubera3r@nsw.gov.au,Male,1991
137,Alejandrina,McCoveney,amccoveney3s@cnn.com,Female,1993
138,Sonya,Guinness,sguinness3t@lycos.com,Female,1995
139,Salmon,Bukac,sbukac3u@rakuten.co.jp,Male,1996
140,Geralda,Scherme,gscherme3v@princeton.edu,Female,1996
141,Barty,Twinterman,btwinterman3w@theatlantic.com,Male,2010
142,Andeee,Huguenet,ahuguenet3x@dot.gov,Female,1992
143,Dick,Pembridge,dpembridge3y@google.it,Male,1999
144,Theadora,Freer,tfreer3z@flickr.com,Female,1999
145,Lorin,Baudinot,lbaudinot40@acquirethisname.com,Male,1964
146,Fallon,Colliss,fcolliss41@so-net.ne.jp,Female,2001
147,Kinny,D'Aulby,kdaulby42@sciencedaily.com,Male,2003
148,Lexine,MacCarrick,lmaccarrick43@amazon.com,Female,1990
149,Britney,Bamfield,bbamfield44@canalblog.com,Female,2010
150,Avigdor,Krochmann,akrochmann45@flavors.me,Male,1996
151,Templeton,Lorait,tlorait46@ed.gov,Male,1992
152,Franz,D'Oyley,fdoyley47@canalblog.com,Male,1994
153,Conrad,Keyzman,ckeyzman48@google.fr,Male,1996
154,Caryl,Jahner,cjahner49@disqus.com,Female,2006
155,Maynord,Le Blanc,mleblanc4a@jalbum.net,Male,2006
156,Eydie,Siemons,esiemons4b@github.io,Female,2001
157,Zeke,Pley,zpley4c@sun.com,Male,1995
158,Lianne,Killock,lkillock4d@ftc.gov,Female,2006
159,Elroy,Charteris,echarteris4e@unc.edu,Male,1996
160,Denny,Chessman,dchessman4f@homestead.com,Male,2012
161,Gerald,Matyasik,gmatyasik4g@merriam-webster.com,Male,1995
162,Waylan,Benasik,wbenasik4h@slideshare.net,Male,1994
163,Kingsly,Stannis,kstannis4i@rakuten.co.jp,Male,2009
164,Sharon,Presslie,spresslie4j@ow.ly,Female,1997
165,Myer,Murty,mmurty4k@hostgator.com,Male,1999
166,Craggy,Calafate,ccalafate4l@purevolume.com,Male,1997
167,Gabriello,Harte,gharte4m@hp.com,Male,2011
168,Amabelle,Hellings,ahellings4n@blogs.com,Female,2002
169,Amara,Rummin,arummin4o@elpais.com,Female,2012
170,Isak,Pero,ipero4p@xing.com,Male,2007
171,Rory,Girdwood,rgirdwood4q@ucoz.ru,Male,2004
172,Reine,Bealton,rbealton4r@bizjournals.com,Female,2013
173,Milka,Pury,mpury4s@howstuffworks.com,Female,1984
174,Jeralee,Steade,jsteade4t@cpanel.net,Female,1987
175,Fulton,Pinder,fpinder4u@sciencedaily.com,Male,1998
176,Lilllie,Smallacombe,lsmallacombe4v@drupal.org,Female,2007
177,Belva,Nickels,bnickels4w@clickbank.net,Female,2005
178,Minni,Sanders,msanders4x@sun.com,Female,2007
179,Peggy,Onraet,ponraet4y@moonfruit.com,Female,1994
180,Shirleen,Wilby,swilby4z@weebly.com,Female,1996
181,Crystie,Vasenin,cvasenin50@mapquest.com,Female,2011
182,Simmonds,Stiggles,sstiggles51@slate.com,Male,2003
183,Sawyer,Gallard,sgallard52@comsenz.com,Male,2004
184,Had,Abelwhite,habelwhite53@skype.com,Male,1990
185,Cobbie,Brizland,cbrizland54@patch.com,Male,2000
186,Georgia,Riggert,griggert55@ucoz.ru,Female,2013
187,Kassey,Lassen,klassen56@addthis.com,Female,1998
188,Raffarty,Hanna,rhanna57@lycos.com,Male,2008
189,Perri,Wrightem,pwrightem58@jugem.jp,Female,1998
190,Hayes,McEvoy,hmcevoy59@weibo.com,Male,1993
191,Zilvia,Fish,zfish5a@netlog.com,Female,2008
192,Mose,Blackster,mblackster5b@goo.ne.jp,Male,1991
193,Frasco,Reinbach,freinbach5c@nih.gov,Male,1992
194,Shandee,Josephoff,sjosephoff5d@mail.ru,Female,2009
195,Desmund,Whitechurch,dwhitechurch5e@mail.ru,Male,1992
196,Katrinka,Burberry,kburberry5f@miibeian.gov.cn,Female,2007
197,Anselm,Boxall,aboxall5g@jalbum.net,Male,1992
198,Tani,Blaza,tblaza5h@blogspot.com,Female,2010
199,Tammie,Franzelini,tfranzelini5i@blogger.com,Male,1997
200,Fina,Ovett,fovett5j@miibeian.gov.cn,Female,2002
201,Brion,Toffetto,btoffetto5k@washington.edu,Male,1995
202,Dorey,Burger,dburger5l@is.gd,Female,2006
203,Hashim,Realy,hrealy5m@jimdo.com,Male,2006
204,Harrietta,Bontein,hbontein5n@linkedin.com,Female,2007
205,Katleen,Gurnett,kgurnett5o@google.pl,Female,2005
206,Frederico,MacGaughie,fmacgaughie5p@diigo.com,Male,2011
207,Gerrilee,McKelloch,gmckelloch5q@google.fr,Female,1967
208,Der,Upcott,dupcott5r@people.com.cn,Male,1997
209,Lonni,Blaik,lblaik5s@networkadvertising.org,Female,1997
210,Terrye,Vala,tvala5t@amazon.co.jp,Female,2003
211,Myer,Kimmerling,mkimmerling5u@cnet.com,Male,1988
212,Colleen,Sahlstrom,csahlstrom5v@blogger.com,Female,2006
213,Emmy,Keets,ekeets5w@about.me,Female,1985
214,Morrie,Maddigan,mmaddigan5x@cdc.gov,Male,1998
215,Nicolette,Duffill,nduffill5y@cdc.gov,Female,1993
216,Cedric,Baumadier,cbaumadier5z@yandex.ru,Male,2006
217,Dina,Pinder,dpinder60@admin.ch,Female,2008
218,Chevy,McSweeney,cmcsweeney61@npr.org,Male,2000
219,Emma,Gascard,egascard62@gmpg.org,Female,2012
220,Kandy,Guierre,kguierre63@123-reg.co.uk,Female,1996
221,Odessa,Stotherfield,ostotherfield64@purevolume.com,Female,1986
222,Nikita,McAreavey,nmcareavey65@imdb.com,Male,2003
223,Janina,Crampsy,jcrampsy66@prnewswire.com,Female,2010
224,Ciel,Flew,cflew67@narod.ru,Female,1989
225,Lucho,Pape,lpape68@google.co.jp,Male,2009
226,Helen-elizabeth,Gayforth,hgayforth69@statcounter.com,Female,2011
227,Jim,Joire,jjoire6a@cnbc.com,Male,1996
228,Bil,Delamaine,bdelamaine6b@house.gov,Male,2012
229,Archaimbaud,Dalgety,adalgety6c@ft.com,Male,1986
230,Mag,Gamblin,mgamblin6d@bbc.co.uk,Female,2006
231,Preston,Gringley,pgringley6e@tumblr.com,Male,2010
232,Katti,Corain,kcorain6f@liveinternet.ru,Female,2008
233,Brinna,Habbema,bhabbema6g@mediafire.com,Female,1995
234,Idaline,Songest,isongest6h@newsvine.com,Female,1992
235,Michele,Pullman,mpullman6i@reuters.com,Female,2005
236,Alidia,Stodd,astodd6j@lulu.com,Female,1993
237,Sim,Deuss,sdeuss6k@msn.com,Male,1991
238,Sela,Farres,sfarres6l@vimeo.com,Female,2010
239,Drugi,Pidgeon,dpidgeon6m@statcounter.com,Male,2000
240,El,O' Scallan,eoscallan6n@earthlink.net,Male,1986
241,Moishe,Tinman,mtinman6o@nhs.uk,Male,2005
242,Ramona,Erswell,rerswell6p@cnn.com,Female,2000
243,Kanya,Ramet,kramet6q@nhs.uk,Female,2001
244,Tyne,Reinger,treinger6r@wiley.com,Female,2009
245,Adriano,Jindrak,ajindrak6s@umich.edu,Male,2010
246,Walsh,Hugland,whugland6t@patch.com,Male,1993
247,Gelya,Pierrepont,gpierrepont6u@zimbio.com,Female,2006
248,Justus,Blaszczak,jblaszczak6v@examiner.com,Male,1993
249,Keefe,Oehm,koehm6w@cargocollective.com,Male,2011
250,Shirlene,Osgerby,sosgerby6x@wp.com,Female,2000
251,Lorry,Stanes,lstanes6y@issuu.com,Male,2001
252,Daniela,Coucha,dcoucha6z@apache.org,Female,2013
253,Brewer,Dannohl,bdannohl70@state.gov,Male,2007
254,Karlotte,Songust,ksongust71@princeton.edu,Female,2007
255,Kahaleel,Sacco,ksacco72@apple.com,Male,2004
256,Myer,Batrick,mbatrick73@dell.com,Male,2012
257,Gauthier,Plumtree,gplumtree74@imgur.com,Male,1997
258,Pate,Hickin,phickin75@archive.org,Male,1984
259,Datha,Woolmington,dwoolmington76@uiuc.edu,Female,2012
260,Sinclare,Buttrick,sbuttrick77@twitter.com,Male,1994
261,Aurlie,Newlin,anewlin78@posterous.com,Female,2000
262,Arney,Londer,alonder79@cnn.com,Male,2009
263,Luce,Abate,labate7a@creativecommons.org,Female,1994
264,Camel,Bruckental,cbruckental7b@uiuc.edu,Female,1997
265,Maxie,Troker,mtroker7c@360.cn,Male,1995
266,Beltran,Barhem,bbarhem7d@pcworld.com,Male,1994
267,Sybil,Taree,staree7e@bbc.co.uk,Female,2009
268,Cissiee,Pochon,cpochon7f@pagesperso-orange.fr,Female,2005
269,Kennedy,Brightman,kbrightman7g@hubpages.com,Male,2002
270,Ian,Breckell,ibreckell7h@shop-pro.jp,Male,1998
271,Sayre,Marjanovic,smarjanovic7i@soup.io,Male,2008
272,Lesly,Sills,lsills7j@4shared.com,Female,2007
273,Jessamine,Huff,jhuff7k@soundcloud.com,Female,2008
274,Julieta,Pharaoh,jpharaoh7l@sciencedaily.com,Female,2008
275,Sioux,Ovize,sovize7m@latimes.com,Female,2007
276,Ignacio,Maxsted,imaxsted7n@photobucket.com,Male,1996
277,Wally,Haskett,whaskett7o@shareasale.com,Male,2002
278,Henrik,Kinnerley,hkinnerley7p@storify.com,Male,1999
279,Ania,Bogue,abogue7q@free.fr,Female,2012
280,Berri,Gytesham,bgytesham7r@yahoo.co.jp,Female,2009
281,Mufi,Mongeot,mmongeot7s@elpais.com,Female,2000
282,Felipe,Piggford,fpiggford7t@mac.com,Male,1992
283,Nolan,Zipsell,nzipsell7u@wikipedia.org,Male,1999
284,Corine,Leven,cleven7v@qq.com,Female,1991
285,Taddeo,Cottu,tcottu7w@meetup.com,Male,2005
286,Sofie,Pentecost,spentecost7x@alexa.com,Female,1985
287,Dante,Antoszewski,dantoszewski7y@slashdot.org,Male,1969
288,Bernie,Bartrop,bbartrop7z@freewebs.com,Male,2006
289,Tybalt,Marder,tmarder80@bandcamp.com,Male,2006
290,Kristyn,Reuss,kreuss81@stumbleupon.com,Female,1988
291,Jillian,Canfer,jcanfer82@umich.edu,Female,2009
292,Cosimo,Gruszka,cgruszka83@booking.com,Male,2012
293,Wilona,Grotty,wgrotty84@goodreads.com,Female,1988
294,Olivie,Strutt,ostrutt85@uiuc.edu,Female,1993
295,Harold,Decaze,hdecaze86@exblog.jp,Male,1996
296,Barr,Huygens,bhuygens87@foxnews.com,Male,1991
297,Rosabella,Umbert,rumbert88@scientificamerican.com,Female,2011
298,Milena,Worge,mworge89@prnewswire.com,Female,2005
299,Bail,Wistance,bwistance8a@elegantthemes.com,Male,2012
300,Cirilo,Jacobssen,cjacobssen8b@epa.gov,Male,1995
301,Farrand,Rigeby,frigeby8c@github.com,Female,1986
302,Kelly,O'Lunney,kolunney8d@google.fr,Male,1997
303,Shea,Bussell,sbussell8e@naver.com,Male,1998
304,Tracy,Giacometti,tgiacometti8f@archive.org,Female,2012
305,Retha,Torns,rtorns8g@hugedomains.com,Female,2010
306,Adrian,Meineck,ameineck8h@boston.com,Female,2011
307,Lanna,Hourihane,lhourihane8i@artisteer.com,Female,2000
308,Thatcher,Dungate,tdungate8j@phoca.cz,Male,2005
309,Ermin,Forrestor,eforrestor8k@nationalgeographic.com,Male,1996
310,Boothe,Cutbush,bcutbush8l@smh.com.au,Male,2007
311,Rudolfo,Biaggiotti,rbiaggiotti8m@ihg.com,Male,1997
312,Dewitt,Coggell,dcoggell8n@unblog.fr,Male,1999
313,Jeniffer,Berrie,jberrie8o@github.io,Female,2008
314,Nobie,Deane,ndeane8p@photobucket.com,Male,2004
315,Glynis,Muat,gmuat8q@slashdot.org,Female,2007
316,Granthem,Paulig,gpaulig8r@imdb.com,Male,1993
317,Saxon,Blenkensop,sblenkensop8s@wisc.edu,Male,1985
318,Germaine,Hartzenberg,ghartzenberg8t@artisteer.com,Female,2011
319,Shoshana,Legen,slegen8u@1688.com,Female,2000
320,Talyah,Worsnip,tworsnip8v@shareasale.com,Female,1990
321,Hamlen,Osant,hosant8w@arizona.edu,Male,1995
322,Rhiamon,O'Donohue,rodonohue8x@drupal.org,Female,1992
323,Grover,Pogue,gpogue8y@bbc.co.uk,Male,2007
324,Fabien,Dossett,fdossett8z@zimbio.com,Male,2003
325,Chance,Dinnies,cdinnies90@bloglines.com,Male,2006
326,Finn,Harry,fharry91@comcast.net,Male,2000
327,Welsh,Leavy,wleavy92@wix.com,Male,1986
328,Charity,Ewington,cewington93@addthis.com,Female,2008
329,Steve,Matteacci,smatteacci94@uol.com.br,Male,1997
330,Justin,Thunder,jthunder95@quantcast.com,Male,1996
331,Glenine,Baudins,gbaudins96@apache.org,Female,2004
332,Urban,Tonkin,utonkin97@fema.gov,Male,2011
333,Ariella,Fabb,afabb98@latimes.com,Female,1996
334,Lorin,Korf,lkorf99@chronoengine.com,Male,2006
335,Katharina,Niave,kniave9a@army.mil,Female,2006
336,Jessamyn,Georgeau,jgeorgeau9b@reuters.com,Female,2011
337,Saleem,Buxey,sbuxey9c@t-online.de,Male,1997
338,Nari,Bushen,nbushen9d@fda.gov,Female,2006
339,Herta,Adamek,hadamek9e@scientificamerican.com,Female,2010
340,Tina,Fishbourne,tfishbourne9f@soundcloud.com,Female,1988
341,Munroe,Napolitano,mnapolitano9g@fastcompany.com,Male,2000
342,Niki,Eliez,neliez9h@csmonitor.com,Male,2006
343,Timmy,Beardsell,tbeardsell9i@blogtalkradio.com,Male,2008
344,Martguerita,Mowle,mmowle9j@mashable.com,Female,1992
345,Randal,Lockley,rlockley9k@friendfeed.com,Male,1998
346,Ola,Plaskett,oplaskett9l@house.gov,Female,1998
347,Mason,Chavrin,mchavrin9m@wikimedia.org,Male,1994
348,Averell,Cawdery,acawdery9n@canalblog.com,Male,2005
349,Marijn,Jereatt,mjereatt9o@thetimes.co.uk,Male,2008
350,Sally,Thowes,sthowes9p@utexas.edu,Female,2011
351,Merwin,Swannie,mswannie9q@salon.com,Male,2011
352,Karia,Renon,krenon9r@macromedia.com,Female,2004
353,Miner,Mannagh,mmannagh9s@ucoz.ru,Male,1995
354,Tobi,Pinkett,tpinkett9t@desdev.cn,Female,1997
355,Emelita,Frearson,efrearson9u@sakura.ne.jp,Female,2007
356,Hatti,Whacket,hwhacket9v@squidoo.com,Female,2002
357,Madge,Sked,msked9w@joomla.org,Female,1996
358,Maisie,Oakenfull,moakenfull9x@unesco.org,Female,2001
359,Glennie,Cudbird,gcudbird9y@mac.com,Female,1992
360,Ulla,Kiggel,ukiggel9z@w3.org,Female,1985
361,Kendre,Maruska,kmaruskaa0@deliciousdays.com,Female,2011
362,Kingsly,Mirralls,kmirrallsa1@google.it,Male,2011
363,Goober,Millberg,gmillberga2@cornell.edu,Male,2008
364,Elijah,Attiwill,eattiwilla3@nytimes.com,Male,1989
365,Raddie,Loudiane,rloudianea4@fema.gov,Male,2002
366,Grete,Korous,gkorousa5@hubpages.com,Female,2005
367,Dorie,Strut,dstruta6@t.co,Male,1992
368,Henry,Skoggings,hskoggingsa7@topsy.com,Male,1995
369,Carmelle,Gibard,cgibarda8@networkadvertising.org,Female,1999
370,Brigg,Davidwitz,bdavidwitza9@sfgate.com,Male,2009
371,Bea,Sponder,bsponderaa@slideshare.net,Female,1999
372,Cointon,Tumayan,ctumayanab@jalbum.net,Male,1997
373,Morty,Philipart,mphilipartac@wufoo.com,Male,2006
374,Adam,Sandyfirth,asandyfirthad@arstechnica.com,Male,1996
375,Terrance,Pruckner,tprucknerae@adobe.com,Male,2007
376,Feliks,Kornyakov,fkornyakovaf@edublogs.org,Male,2010
377,Allan,Hudless,ahudlessag@va.gov,Male,1988
378,Karna,Brunone,kbrunoneah@economist.com,Female,1993
379,Valentine,Gogan,vgoganai@seattletimes.com,Male,2012
380,Terza,Dorrell,tdorrellaj@businesswire.com,Female,2008
381,Melisande,Hawley,mhawleyak@harvard.edu,Female,1990
382,Angus,Gabala,agabalaal@about.com,Male,1992
383,Jannelle,Kinloch,jkinlocham@opensource.org,Female,1996
384,Fawn,Whitwell,fwhitwellan@wikimedia.org,Female,2005
385,Boycey,Milbourne,bmilbourneao@google.com.hk,Male,1998
386,Bathsheba,Keeling,bkeelingap@bloomberg.com,Female,2009
387,Vasily,Poytres,vpoytresaq@nih.gov,Male,2005
388,Dalli,Dashper,ddashperar@i2i.jp,Male,1993
389,Karry,Hadlington,khadlingtonas@sciencedirect.com,Female,2006
390,Prinz,Wedmore.,pwedmoreat@java.com,Male,2007
391,Blondie,Dignon,bdignonau@newsvine.com,Female,2010
392,Gregg,Mackleden,gmackledenav@booking.com,Male,2008
393,Dare,Pithie,dpithieaw@networkadvertising.org,Male,1997
394,Jarad,Warner,jwarnerax@is.gd,Male,1997
395,Milicent,Birtle,mbirtleay@umn.edu,Female,1999
396,Cristi,Allerton,callertonaz@sakura.ne.jp,Female,2005
397,Armin,Ivannikov,aivannikovb0@youtu.be,Male,2012
398,Dru,Gommery,dgommeryb1@stumbleupon.com,Male,2001
399,Kellsie,Budge,kbudgeb2@i2i.jp,Female,2005
400,Laird,Sherwood,lsherwoodb3@fda.gov,Male,1989
401,Mariska,Croxall,mcroxallb4@t.co,Female,1986
402,Findlay,Vinnick,fvinnickb5@cnbc.com,Male,1992
403,Rafaello,Hyne,rhyneb6@bbc.co.uk,Male,2010
404,Crystal,Coggeshall,ccoggeshallb7@miibeian.gov.cn,Female,2002
405,Patti,Newbatt,pnewbattb8@shutterfly.com,Female,1994
406,Marga,Benedicto,mbenedictob9@yandex.ru,Female,2005
407,Perrine,Feavers,pfeaversba@bbc.co.uk,Female,2008
408,Linn,Blackster,lblacksterbb@google.it,Female,2005
409,Chaunce,Tebbe,ctebbebc@mlb.com,Male,2009
410,Gal,Frankish,gfrankishbd@umn.edu,Male,1997
411,Rodie,Guage,rguagebe@wired.com,Female,2008
412,Kizzee,Moggie,kmoggiebf@usatoday.com,Female,2001
413,Calla,Harrie,charriebg@eventbrite.com,Female,2012
414,Homere,Neylan,hneylanbh@surveymonkey.com,Male,2011
415,Mort,Stollwerck,mstollwerckbi@ovh.net,Male,1990
416,Edy,O'Fairy,eofairybj@ucoz.com,Female,1999
417,Kiley,Denisyuk,kdenisyukbk@nbcnews.com,Male,2005
418,Dominick,Flucker,dfluckerbl@rediff.com,Male,1999
419,Bronnie,D'Antoni,bdantonibm@g.co,Male,1993
420,Lenka,MacAvddy,lmacavddybn@ucoz.com,Female,2000
421,Nixie,De Giorgis,ndegiorgisbo@alibaba.com,Female,2003
422,Jeralee,Dallicoat,jdallicoatbp@blogtalkradio.com,Female,2010
423,Freida,Benezet,fbenezetbq@alibaba.com,Female,2010
424,Silvio,Chicotti,schicottibr@hibu.com,Male,1995
425,Joshia,Grayne,jgraynebs@nps.gov,Male,1995
426,Ethelind,Boxe,eboxebt@deliciousdays.com,Female,2002
427,Myrilla,Thorndale,mthorndalebu@europa.eu,Female,2006
428,Michaela,Strothers,mstrothersbv@skyrock.com,Female,2005
429,Nert,Pounsett,npounsettbw@economist.com,Female,1997
430,Forbes,Odhams,fodhamsbx@cbc.ca,Male,2007
431,Carlita,Bordone,cbordoneby@last.fm,Female,2008
432,Thornton,McFee,tmcfeebz@dedecms.com,Male,2012
433,Rebekah,Patterson,rpattersonc0@ustream.tv,Female,2001
434,Gretal,Urion,gurionc1@twitpic.com,Female,2007
435,Vince,Long,vlongc2@webeden.co.uk,Male,2009
436,Brose,Arney,barneyc3@illinois.edu,Male,2000
437,Tobe,Kither,tkitherc4@house.gov,Female,2011
438,Chaddy,Liebermann,cliebermannc5@tripadvisor.com,Male,1986
439,Veronique,Wyllcocks,vwyllcocksc6@epa.gov,Female,1996
440,Haslett,Winslett,hwinslettc7@webs.com,Male,1992
441,Abdel,Kegley,akegleyc8@hao123.com,Male,2009
442,Miguela,Boddam,mboddamc9@freewebs.com,Female,2001
443,Livy,Folomin,lfolominca@google.com.au,Female,2012
444,Sherwood,Flarity,sflaritycb@pcworld.com,Male,2006
445,Banky,Letts,blettscc@sogou.com,Male,2010
446,Jacki,Kennard,jkennardcd@mit.edu,Female,2008
447,Wesley,Place,wplacece@ed.gov,Male,1999
448,Dorolisa,Steane,dsteanecf@amazon.co.uk,Female,2008
449,Davine,Amorine,damorinecg@harvard.edu,Female,2012
450,Curcio,covino,ccovinoch@yahoo.co.jp,Male,2004
451,Kathrine,Zukierman,kzukiermanci@dion.ne.jp,Female,2000
452,Barrett,Flaxman,bflaxmancj@springer.com,Male,1957
453,Bertha,Welburn,bwelburnck@printfriendly.com,Female,2000
454,Huntington,Smitherham,hsmitherhamcl@odnoklassniki.ru,Male,1997
455,Filippo,Woolaston,fwoolastoncm@reverbnation.com,Male,2004
456,Perry,Klimov,pklimovcn@goo.ne.jp,Male,1989
457,Correna,Gilding,cgildingco@com.com,Female,2006
458,Lissy,Spirritt,lspirrittcp@marketwatch.com,Female,2005
459,Chloe,Dudman,cdudmancq@webeden.co.uk,Female,2006
460,Darlleen,Harryman,dharrymancr@cyberchimps.com,Female,1995
461,Peterus,Panas,ppanascs@state.tx.us,Male,1993
462,Devi,Hamblin,dhamblinct@w3.org,Female,2005
463,Chelsy,Knatt,cknattcu@shutterfly.com,Female,1994
464,Lowell,Ninnis,lninniscv@miibeian.gov.cn,Male,2005
465,Joella,Dorr,jdorrcw@soup.io,Female,2011
466,Merci,Falconbridge,mfalconbridgecx@chronoengine.com,Female,2006
467,Arley,Montford,amontfordcy@seattletimes.com,Male,1999
468,Rosemarie,Morrott,rmorrottcz@wp.com,Female,2005
469,Sergeant,Denizet,sdenizetd0@nature.com,Male,2011
470,Tiff,Blindermann,tblindermannd1@ibm.com,Female,1988
471,Morissa,Bartleet,mbartleetd2@tumblr.com,Female,1993
472,Hayyim,Spolton,hspoltond3@ca.gov,Male,2011
473,Henri,McShea,hmcshead4@microsoft.com,Male,2012
474,Joela,Godmar,jgodmard5@facebook.com,Female,1995
475,Chryste,Forgie,cforgied6@paginegialle.it,Female,1997
476,Cyndi,Fley,cfleyd7@ihg.com,Female,2006
477,Selby,Hawton,shawtond8@bloomberg.com,Male,2002
478,Rees,Cutridge,rcutridged9@amazon.de,Male,2006
479,Buddy,Restill,brestillda@wiley.com,Male,2009
480,Marcelo,Leven,mlevendb@bloomberg.com,Male,1994
481,Maximo,Oaten,moatendc@odnoklassniki.ru,Male,2008
482,Worth,Brychan,wbrychandd@stanford.edu,Male,2010
483,Morry,Elgee,melgeede@tinyurl.com,Male,1994
484,Cristina,Sindell,csindelldf@accuweather.com,Female,2005
485,Alphonse,Redgrave,aredgravedg@google.fr,Male,1985
486,Chrystal,Cuerdall,ccuerdalldh@bbc.co.uk,Female,1997
487,Hermione,Lavielle,hlavielledi@soundcloud.com,Female,1994
488,Ciro,Epple,ceppledj@unc.edu,Male,1995
489,Emory,O'Hern,eoherndk@angelfire.com,Male,2006
490,Carolann,Maddrell,cmaddrelldl@digg.com,Female,1990
491,Clare,Haw,chawdm@miibeian.gov.cn,Female,2003
492,Andy,Seers,aseersdn@digg.com,Male,1999
493,Willdon,Mill,wmilldo@hostgator.com,Male,2005
494,Keelia,Attersoll,kattersolldp@aboutads.info,Female,1998
495,Jack,Lorenzetti,jlorenzettidq@is.gd,Male,2012
496,Mavis,Duester,mduesterdr@google.com.au,Female,1998
497,Jerrylee,Lentsch,jlentschds@usatoday.com,Female,1991
498,Cullin,Cockshoot,ccockshootdt@npr.org,Male,1996
499,Koren,Giacoppo,kgiacoppodu@dailymotion.com,Female,1997
500,Marquita,Roarty,mroartydv@ehow.com,Female,1998
501,Chet,Yurasov,cyurasovdw@phoca.cz,Male,1991
502,Leroy,McCrory,lmccrorydx@printfriendly.com,Male,1993
503,Marlon,Leaburn,mleaburndy@netvibes.com,Male,1994
504,Robin,Gomes,rgomesdz@unblog.fr,Male,2003
505,Harlan,Hardaway,hhardawaye0@is.gd,Male,2004
506,Virginia,Emslie,vemsliee1@godaddy.com,Female,2011
507,Abbie,Howsam,ahowsame2@nyu.edu,Male,1983
508,Hamilton,Coveny,hcovenye3@deliciousdays.com,Male,2000
509,Niccolo,Darlaston,ndarlastone4@xing.com,Male,1997
510,Chiquia,Rippingale,crippingalee5@redcross.org,Female,1998
511,Leonora,Rockcliffe,lrockcliffee6@economist.com,Female,2009
512,Darby,Bennedsen,dbennedsene7@ft.com,Male,1996
513,Stillmann,Whittaker,swhittakere8@census.gov,Male,1997
514,Frayda,O'Keenan,fokeenane9@bluehost.com,Female,1999
515,Gweneth,Jonin,gjoninea@thetimes.co.uk,Female,2006
516,Kipp,Redihough,kredihougheb@indiegogo.com,Female,2009
517,Shanta,Cleatherow,scleatherowec@examiner.com,Female,1993
518,Wald,Vannucci,wvannuccied@virginia.edu,Male,1994
519,Hakim,Yurikov,hyurikovee@twitpic.com,Male,2008
520,Susette,Albone,salboneef@godaddy.com,Female,2012
521,Christal,Corbyn,ccorbyneg@wired.com,Female,2011
522,Davon,Tullett,dtulletteh@e-recht24.de,Male,2003
523,Joanne,Hitscher,jhitscherei@t-online.de,Female,1998
524,Amil,Wintringham,awintringhamej@dropbox.com,Female,1999
525,Micheil,Peterkin,mpeterkinek@domainmarket.com,Male,2008
526,Ario,Wardesworth,awardesworthel@dell.com,Male,2008
527,Claudell,Coase,ccoaseem@51.la,Male,1999
528,Kaitlyn,Kitchingman,kkitchingmanen@ebay.com,Female,2011
529,Teddie,Craythorne,tcraythorneeo@google.de,Male,1994
530,Joyan,Sitwell,jsitwellep@skype.com,Female,1994
531,Heather,De Gregorio,hdegregorioeq@chronoengine.com,Female,2004
532,Darbie,Castanos,dcastanoser@ocn.ne.jp,Female,2013
533,Quillan,Sodor,qsodores@netscape.com,Male,2001
534,Yance,Liddiatt,yliddiattet@youku.com,Male,2007
535,Gothart,Mawd,gmawdeu@hud.gov,Male,2004
536,Teddi,Kamena,tkamenaev@prnewswire.com,Female,2009
537,Cassandry,Tomasik,ctomasikew@nhs.uk,Female,1995
538,Iorgos,Rolstone,irolstoneex@parallels.com,Male,1998
539,Vally,Temby,vtembyey@mozilla.com,Female,1992
540,Werner,Friel,wfrielez@exblog.jp,Male,2004
541,Mar,Hussy,mhussyf0@columbia.edu,Male,1985
542,Walker,Baglin,wbaglinf1@dagondesign.com,Male,2009
543,Franciskus,Chastand,fchastandf2@squarespace.com,Male,2000
544,Sullivan,Reely,sreelyf3@about.me,Male,2002
545,Dru,Dreghorn,ddreghornf4@i2i.jp,Male,1996
546,Zara,Cogan,zcoganf5@statcounter.com,Female,2003
547,Laura,O'Rourke,lorourkef6@telegraph.co.uk,Female,1973
548,Lauree,Jacklin,ljacklinf7@wikispaces.com,Female,1964
549,Bendicty,Moggle,bmogglef8@squarespace.com,Male,2001
550,Brewer,Habard,bhabardf9@printfriendly.com,Male,2009
551,Uriah,Truluck,utruluckfa@abc.net.au,Male,2004
552,Alvis,Buncom,abuncomfb@sciencedaily.com,Male,1999
553,Inigo,De Domenicis,idedomenicisfc@cdc.gov,Male,2001
554,Katya,McLauchlin,kmclauchlinfd@eventbrite.com,Female,1990
555,Alejoa,Whitmore,awhitmorefe@statcounter.com,Male,2002
556,Kirby,Labram,klabramff@freewebs.com,Male,2009
557,Magdaia,Burnsell,mburnsellfg@quantcast.com,Female,2006
558,Moe,Ranstead,mransteadfh@bigcartel.com,Male,1998
559,Peri,Fenge,pfengefi@prlog.org,Female,2003
560,Thomasina,Longstaff,tlongstafffj@hc360.com,Female,1986
561,Duffy,Ellins,dellinsfk@nytimes.com,Male,2006
562,Rab,Normand,rnormandfl@statcounter.com,Male,1995
563,Ike,Lahive,ilahivefm@scientificamerican.com,Male,2006
564,Abbe,Ducarne,aducarnefn@t-online.de,Male,1997
565,Pooh,Ernke,pernkefo@wsj.com,Male,2009
566,Zachariah,Schwartz,zschwartzfp@ehow.com,Male,1965
567,Phyllida,Weathey,pweatheyfq@prweb.com,Female,2000
568,Corty,Novill,cnovillfr@discovery.com,Male,1994
569,Janis,Hyde-Chambers,jhydechambersfs@soundcloud.com,Female,2005
570,Kalil,Crippen,kcrippenft@chicagotribune.com,Male,2002
571,Julianna,Brade,jbradefu@china.com.cn,Female,2002
572,Cherilynn,Thackston,cthackstonfv@nature.com,Female,1992
573,Blake,Leafe,bleafefw@xrea.com,Male,2002
574,Wendye,Wilflinger,wwilflingerfx@cnbc.com,Female,2000
575,Colan,Abade,cabadefy@sina.com.cn,Male,1998
576,Jacquette,Follit,jfollitfz@craigslist.org,Female,1999
577,Shae,Plaice,splaiceg0@cbslocal.com,Male,2010
578,Francyne,Orts,fortsg1@businessweek.com,Female,2004
579,Wadsworth,Seekings,wseekingsg2@so-net.ne.jp,Male,1999
580,Tynan,Broadbury,tbroadburyg3@domainmarket.com,Male,2007
581,Winnifred,Dykins,wdykinsg4@a8.net,Female,2008
582,Andrey,Gelderd,agelderdg5@psu.edu,Male,1998
583,Madelene,Coppenhall,mcoppenhallg6@spotify.com,Female,2005
584,Kristin,Dollin,kdolling7@aboutads.info,Female,2012
585,Glendon,Tuminelli,gtuminellig8@latimes.com,Male,2001
586,Nichols,Willoughby,nwilloughbyg9@mac.com,Male,2012
587,Neddy,Dagless,ndaglessga@acquirethisname.com,Male,2009
588,Scott,Gumme,sgummegb@paginegialle.it,Male,2002
589,Demott,Penney,dpenneygc@cafepress.com,Male,2009
590,Ines,Naton,inatongd@howstuffworks.com,Female,1997
591,Gustavus,Guiet,gguietge@g.co,Male,2009
592,Rosalinde,Caldwall,rcaldwallgf@howstuffworks.com,Female,2004
593,Sidonia,Limerick,slimerickgg@fc2.com,Female,2005
594,Temp,Reglar,treglargh@list-manage.com,Male,2011
595,Philipa,Oxteby,poxtebygi@desdev.cn,Female,1991
596,Rania,Freeman,rfreemangj@dedecms.com,Female,1984
597,Revkah,Visco,rviscogk@washington.edu,Female,2011
598,Leonidas,Pointon,lpointongl@archive.org,Male,1993
599,Meade,Saltsberger,msaltsbergergm@1und1.de,Female,1992
600,Ranice,Vaun,rvaungn@telegraph.co.uk,Female,1992
601,Kynthia,Ciccottini,kciccottinigo@drupal.org,Female,1997
602,Cacilie,Caneo,ccaneogp@hostgator.com,Female,2004
603,Kendell,Harsant,kharsantgq@nps.gov,Male,1989
604,Corina,Dyet,cdyetgr@zdnet.com,Female,1985
605,Octavius,Payne,opaynegs@rambler.ru,Male,1992
606,Avictor,Lamb-shine,alambshinegt@cocolog-nifty.com,Male,1985
607,Inglebert,Renforth,irenforthgu@chron.com,Male,1993
608,Reggis,Breadon,rbreadongv@senate.gov,Male,2000
609,Lesly,Cescon,lcescongw@cbslocal.com,Female,2001
610,Georgie,Mc Combe,gmccombegx@nature.com,Male,2011
611,Benn,Klass,bklassgy@nba.com,Male,1995
612,Felipa,Karle,fkarlegz@whitehouse.gov,Female,2009
613,Bette,McMichael,bmcmichaelh0@hostgator.com,Female,1994
614,Ddene,Storrier,dstorrierh1@narod.ru,Female,2008
615,Virgil,Gilloran,vgilloranh2@simplemachines.org,Male,1986
616,Ephraim,Bemwell,ebemwellh3@vk.com,Male,2009
617,Tyler,Mantram,tmantramh4@comcast.net,Male,1993
618,Christel,Elkin,celkinh5@nasa.gov,Female,2005
619,Gillian,Rivalant,grivalanth6@plala.or.jp,Female,2009
620,Gabriele,Drysdale,gdrysdaleh7@yale.edu,Male,2012
621,Minnaminnie,Pickavant,mpickavanth8@oracle.com,Female,2002
622,Ted,Dolle,tdolleh9@alibaba.com,Male,1997
623,Frederica,Rosendahl,frosendahlha@utexas.edu,Female,1994
624,Audy,Grzegorzewicz,agrzegorzewiczhb@si.edu,Female,2004
625,Ellie,Ingleston,einglestonhc@imgur.com,Female,2006
626,Jojo,Lockett,jlocketthd@liveinternet.ru,Female,1994
627,Nevile,Longmate,nlongmatehe@odnoklassniki.ru,Male,1969
628,Quinton,Warton,qwartonhf@usda.gov,Male,2000
629,Geoffry,Perdue,gperduehg@godaddy.com,Male,2003
630,Elisabeth,Tromans,etromanshh@businessinsider.com,Female,1995
631,Blair,Flatley,bflatleyhi@gmpg.org,Male,1991
632,Ezri,Domenc,edomenchj@ow.ly,Male,1999
633,Tory,Dawtry,tdawtryhk@psu.edu,Female,2006
634,Niccolo,Paterno,npaternohl@bravesites.com,Male,2002
635,Cornelia,Lalevee,claleveehm@xinhuanet.com,Female,1996
636,Jess,Witling,jwitlinghn@cbc.ca,Female,1995
637,Jemmy,Lockey,jlockeyho@nsw.gov.au,Female,1997
638,Redd,McIllrick,rmcillrickhp@blog.com,Male,2007
639,Rem,Joutapaitis,rjoutapaitishq@ihg.com,Male,1993
640,Carlyn,Govern,cgovernhr@barnesandnoble.com,Female,2008
641,Dayna,De Malchar,ddemalcharhs@princeton.edu,Female,1992
642,Kassandra,Poletto,kpolettoht@livejournal.com,Female,2004
643,Alana,Lyle,alylehu@rakuten.co.jp,Female,2005
644,Roderick,Betton,rbettonhv@vk.com,Male,1973
645,Martino,Roggers,mroggershw@princeton.edu,Male,2008
646,Nial,Pascoe,npascoehx@amazon.co.uk,Male,2008
647,Philippa,Grout,pgrouthy@privacy.gov.au,Female,2011
648,Aimil,Lunge,alungehz@blogs.com,Female,1999
649,Norman,Schleicher,nschleicheri0@ow.ly,Male,1985
650,Laraine,Tomaszczyk,ltomaszczyki1@networkadvertising.org,Female,2010
651,Fara,Happert,fhapperti2@behance.net,Female,1992
652,Orelia,Pering,operingi3@sfgate.com,Female,2003
653,Evan,Lardner,elardneri4@discovery.com,Male,1994
654,Pedro,Hardwidge,phardwidgei5@netscape.com,Male,2000
655,Baxter,Jillis,bjillisi6@last.fm,Male,2003
656,Amie,Carryer,acarryeri7@istockphoto.com,Female,2010
657,Natala,Filipczynski,nfilipczynskii8@google.co.uk,Female,2002
658,Holt,Dawtry,hdawtryi9@wp.com,Male,1986
659,Scotty,Bentson,sbentsonia@jigsy.com,Male,2007
660,Yancey,Markson,ymarksonib@fc2.com,Male,2009
661,Elwyn,Linturn,elinturnic@ihg.com,Male,2012
662,Melania,Thorouggood,mthorouggoodid@ca.gov,Female,1996
663,Karrie,Try,ktryie@technorati.com,Female,1985
664,Rosemaria,Craw,rcrawif@amazon.com,Female,1998
665,Maure,Ashborne,mashborneig@facebook.com,Female,2008
666,Linus,Wattins,lwattinsih@homestead.com,Male,2005
667,Winnah,Lazer,wlazerii@netlog.com,Female,2008
668,Dusty,McKeggie,dmckeggieij@histats.com,Female,1996
669,Sashenka,Bamell,sbamellik@macromedia.com,Female,1988
670,Vanya,Ferrario,vferrarioil@reference.com,Male,2012
671,Daron,Dufton,dduftonim@joomla.org,Male,1998
672,Neville,Mattiacci,nmattiacciin@163.com,Male,1996
673,Ebony,Frankes,efrankesio@buzzfeed.com,Female,2002
674,Ailyn,Trew,atrewip@apple.com,Female,2000
675,Curtis,Jobbings,cjobbingsiq@furl.net,Male,2004
676,Svend,Moulin,smoulinir@clickbank.net,Male,2005
677,Conni,Jotcham,cjotchamis@state.gov,Female,2010
678,Doria,Lancastle,dlancastleit@miitbeian.gov.cn,Female,2003
679,Bard,Mattisson,bmattissoniu@timesonline.co.uk,Male,2002
680,Harcourt,Lukehurst,hlukehurstiv@prnewswire.com,Male,2011
681,Mead,Di Franceshci,mdifranceshciiw@blogspot.com,Male,1986
682,Heidie,Barnsdall,hbarnsdallix@va.gov,Female,1996
683,Hanson,Cristol,hcristoliy@columbia.edu,Male,2004
684,Halie,Clymer,hclymeriz@soup.io,Female,2005
685,Annemarie,Banane,abananej0@technorati.com,Female,1969
686,Dyanne,Charman,dcharmanj1@narod.ru,Female,1996
687,Nicoline,Challender,nchallenderj2@uol.com.br,Female,1997
688,Melisenda,Beumant,mbeumantj3@imageshack.us,Female,2008
689,Rickey,Gounin,rgouninj4@seesaa.net,Male,1995
690,Gaelan,Learman,glearmanj5@ca.gov,Male,1995
691,Cicily,Hunnam,chunnamj6@woothemes.com,Female,2009
692,Hazlett,Gawkes,hgawkesj7@desdev.cn,Male,1993
693,Prudy,Storms,pstormsj8@livejournal.com,Female,1996
694,Abie,Manclark,amanclarkj9@shutterfly.com,Male,2005
695,Ancell,Mereweather,amereweatherja@reuters.com,Male,2010
696,Ann-marie,Edgars,aedgarsjb@nsw.gov.au,Female,2010
697,Janis,McGirr,jmcgirrjc@japanpost.jp,Female,2000
698,Melania,O'Lagen,molagenjd@xing.com,Female,1998
699,Crissy,McEniry,cmceniryje@zimbio.com,Female,2010
700,Shermy,Hitzmann,shitzmannjf@livejournal.com,Male,2002
701,Edouard,Goodge,egoodgejg@list-manage.com,Male,1990
702,Tremain,Norrey,tnorreyjh@mozilla.org,Male,2008
703,Fawn,Winks,fwinksji@over-blog.com,Female,2004
704,Neely,Buxsey,nbuxseyjj@chron.com,Female,2003
705,Krystle,Muneely,kmuneelyjk@opensource.org,Female,2000
706,Dallis,Pollak,dpollakjl@loc.gov,Male,1992
707,Arvy,Schaffler,aschafflerjm@dyndns.org,Male,2002
708,Raphael,Bedding,rbeddingjn@baidu.com,Male,1953
709,Reid,Mahady,rmahadyjo@google.nl,Male,2009
710,Derwin,Kennon,dkennonjp@usgs.gov,Male,2011
711,Melina,Whiten,mwhitenjq@bbc.co.uk,Female,2009
712,Aubert,Moan,amoanjr@usatoday.com,Male,2006
713,Allen,Pirrone,apirronejs@utexas.edu,Male,2006
714,Austina,Robottham,arobotthamjt@gmpg.org,Female,2001
715,Celesta,Cattermull,ccattermullju@businessinsider.com,Female,1998
716,Bell,Lush,blushjv@google.nl,Female,1993
717,Gayel,Bradd,gbraddjw@ucoz.ru,Female,2006
718,Celinka,Sinney,csinneyjx@zdnet.com,Female,1992
719,Codee,Smullin,csmullinjy@nba.com,Female,1993
720,Nalani,Diperaus,ndiperausjz@msu.edu,Female,2001
721,Nollie,Isacke,nisackek0@npr.org,Male,2012
722,Waly,Ellif,wellifk1@twitpic.com,Female,2006
723,Barrie,Pamment,bpammentk2@apple.com,Male,2005
724,Bronnie,Bellworthy,bbellworthyk3@toplist.cz,Male,2001
725,Danna,Forrestill,dforrestillk4@hibu.com,Female,2009
726,Rodina,Adlington,radlingtonk5@salon.com,Female,2013
727,Berny,Wontner,bwontnerk6@instagram.com,Female,1991
728,Tedda,Letcher,tletcherk7@unc.edu,Female,1995
729,Inga,Lissett,ilissettk8@google.com.hk,Female,2006
730,Carson,Clowley,cclowleyk9@deliciousdays.com,Male,2003
731,Stuart,Negus,sneguska@photobucket.com,Male,2005
732,Bryon,Suggitt,bsuggittkb@icq.com,Male,2008
733,Hammad,Wornham,hwornhamkc@msu.edu,Male,2011
734,Barton,Mifflin,bmifflinkd@ebay.com,Male,2001
735,Lizzie,Patley,lpatleyke@icio.us,Female,1998
736,Pegeen,Jovovic,pjovovickf@princeton.edu,Female,2002
737,Brockie,Vittel,bvittelkg@phoca.cz,Male,1990
738,Enos,Gaythorpe,egaythorpekh@t-online.de,Male,2012
739,Colman,Soulsby,csoulsbyki@unicef.org,Male,1992
740,Brooks,Gero,bgerokj@surveymonkey.com,Male,1995
741,Shayne,Bauduccio,sbauducciokk@tinyurl.com,Male,1991
742,Jobie,Baylis,jbayliskl@nbcnews.com,Female,2003
743,Georgeanne,Halward,ghalwardkm@xing.com,Female,2003
744,Jennilee,Joslin,jjoslinkn@webmd.com,Female,2006
745,Tom,Brackley,tbrackleyko@nhs.uk,Male,1986
746,Sofie,Palethorpe,spalethorpekp@zimbio.com,Female,1995
747,Sharyl,Grocott,sgrocottkq@qq.com,Female,1984
748,Pip,Tiebe,ptiebekr@youtu.be,Male,2007
749,Jaime,Brasner,jbrasnerks@comcast.net,Male,1970
750,Fee,Vass,fvasskt@vimeo.com,Male,1993
751,Garnet,Todarello,gtodarelloku@ca.gov,Female,2006
752,Hanan,Bullan,hbullankv@chronoengine.com,Male,1985
753,Umeko,Hawking,uhawkingkw@etsy.com,Female,2009
754,Gav,Secombe,gsecombekx@sphinn.com,Male,2007
755,Charil,Heathcott,cheathcottky@xing.com,Female,1997
756,Bailey,Pittoli,bpittolikz@state.tx.us,Male,2002
757,Dulci,Amer,damerl0@nifty.com,Female,2004
758,Sky,Latey,slateyl1@apache.org,Male,2007
759,Gino,Gwioneth,ggwionethl2@cloudflare.com,Male,2010
760,Barde,Hallitt,bhallittl3@illinois.edu,Male,2009
761,Milty,Jorat,mjoratl4@businessinsider.com,Male,2010
762,Craig,Mulhall,cmulhalll5@time.com,Male,1987
763,Merci,Franceschi,mfranceschil6@ow.ly,Female,2010
764,Bria,Rayer,brayerl7@ibm.com,Female,2003
765,Juli,Seabon,jseabonl8@hubpages.com,Female,2004
766,Lindsey,Baynes,lbaynesl9@ezinearticles.com,Male,2011
767,Lizzy,Lohoar,llohoarla@cnet.com,Female,2001
768,Angy,Semple,asemplelb@columbia.edu,Female,2011
769,Mercedes,McCague,mmccaguelc@surveymonkey.com,Female,1991
770,Ebenezer,Rein,ereinld@t-online.de,Male,2009
771,Mack,Papierz,mpapierzle@springer.com,Male,1988
772,Shell,Teek,steeklf@nydailynews.com,Male,1999
773,Harrie,Emmot,hemmotlg@census.gov,Female,1990
774,Lorain,Drawmer,ldrawmerlh@nsw.gov.au,Female,2002
775,Bunny,Madrell,bmadrellli@t-online.de,Female,1990
776,Lionel,Shipsey,lshipseylj@utexas.edu,Male,2012
777,Bonnee,Yerrall,byerralllk@thetimes.co.uk,Female,2000
778,Yolanthe,Plackstone,yplackstonell@imgur.com,Female,2012
779,Hilario,Liell,hlielllm@pcworld.com,Male,2010
780,Dinah,Meadowcraft,dmeadowcraftln@prlog.org,Female,2010
781,Charlie,Colhoun,ccolhounlo@wordpress.org,Male,2003
782,Sisely,Prichet,sprichetlp@photobucket.com,Female,1960
783,Haily,Pottinger,hpottingerlq@google.it,Female,2000
784,Benedetto,Kupka,bkupkalr@go.com,Male,1998
785,Kate,Ojeda,kojedals@desdev.cn,Female,2012
786,Marquita,Malecky,mmaleckylt@studiopress.com,Female,1991
787,Laurens,Skein,lskeinlu@blogger.com,Male,2004
788,Felicity,Hardern,fhardernlv@smh.com.au,Female,1993
789,Opalina,Cheevers,ocheeverslw@indiegogo.com,Female,2008
790,Nappie,Jamme,njammelx@privacy.gov.au,Male,2006
791,Gillian,Suttell,gsuttellly@yahoo.com,Female,1986
792,Darius,Terbeek,dterbeeklz@devhub.com,Male,2001
793,Joletta,Bulger,jbulgerm0@dagondesign.com,Female,2013
794,Marissa,Peachman,mpeachmanm1@dagondesign.com,Female,2009
795,Giffer,Kyttor,gkyttorm2@gmpg.org,Male,1992
796,Mattias,Dullingham,mdullinghamm3@imgur.com,Male,2005
797,Craig,Hurche,churchem4@istockphoto.com,Male,1999
798,Darn,Whysall,dwhysallm5@economist.com,Male,2009
799,Rod,Dene,rdenem6@economist.com,Male,1994
800,Thaxter,Harvie,tharviem7@skyrock.com,Male,2011
801,Dukey,Heis,dheism8@huffingtonpost.com,Male,1998
802,Dido,Burtonwood,dburtonwoodm9@hhs.gov,Female,2002
803,Flemming,Winwright,fwinwrightma@livejournal.com,Male,2000
804,Ivan,Olsson,iolssonmb@ehow.com,Male,1995
805,Tamera,Grut,tgrutmc@toplist.cz,Female,1983
806,Uta,Trinke,utrinkemd@bing.com,Female,2007
807,Melosa,Barnwill,mbarnwillme@java.com,Female,1997
808,Clementina,Franies,cfraniesmf@gizmodo.com,Female,2010
809,Madlen,Tunnick,mtunnickmg@nasa.gov,Female,1999
810,Charlean,Broek,cbroekmh@umich.edu,Female,2005
811,Shannen,Durrington,sdurringtonmi@ow.ly,Female,2012
812,Angelo,Huguet,ahuguetmj@ow.ly,Male,2007
813,Lona,Ovize,lovizemk@apache.org,Female,2002
814,Kennedy,Gosland,kgoslandml@time.com,Male,1998
815,Hale,Titford,htitfordmm@sogou.com,Male,1993
816,Carolee,Phlippi,cphlippimn@timesonline.co.uk,Female,2002
817,Raquel,Djurevic,rdjurevicmo@admin.ch,Female,2009
818,Raine,Brunel,rbrunelmp@g.co,Female,1994
819,Charmain,Sandeford,csandefordmq@baidu.com,Female,2005
820,Nathan,Kochs,nkochsmr@soundcloud.com,Male,1993
821,Juliet,Litt,jlittms@theguardian.com,Female,2008
822,Maddie,Gosnold,mgosnoldmt@cdc.gov,Male,2011
823,Muriel,Babon,mbabonmu@chronoengine.com,Female,1996
824,Tim,Korejs,tkorejsmv@msn.com,Female,2007
825,Kara,Colt,kcoltmw@cyberchimps.com,Female,1998
826,Kassia,Shillum,kshillummx@nbcnews.com,Female,1996
827,Harriett,Lambert-Ciorwyn,hlambertciorwynmy@businessweek.com,Female,2003
828,Carmita,Fullalove,cfullalovemz@moonfruit.com,Female,1991
829,Angelia,Batha,abathan0@buzzfeed.com,Female,2007
830,Maximilian,Ohrtmann,mohrtmannn1@flickr.com,Male,1999
831,Sybil,Dolbey,sdolbeyn2@ustream.tv,Female,2012
832,Milka,Czaja,mczajan3@ehow.com,Female,2009
833,Brent,Higgen,bhiggenn4@ucla.edu,Male,2012
834,Randie,Unitt,runittn5@chronoengine.com,Male,2012
835,Zorana,Jillitt,zjillittn6@comcast.net,Female,1993
836,Ansell,Filippozzi,afilippozzin7@marketwatch.com,Male,2008
837,Chandler,Daid,cdaidn8@unc.edu,Male,1994
838,Elisa,Neiland,eneilandn9@nhs.uk,Female,2009
839,Bobine,Alebrooke,balebrookena@eepurl.com,Female,2006
840,Pattin,Dungey,pdungeynb@msu.edu,Male,1992
841,Arther,Dalgarnowch,adalgarnowchnc@yahoo.co.jp,Male,1963
842,Georgeanna,Sillitoe,gsillitoend@jalbum.net,Female,1993
843,Ferdy,McPhelim,fmcphelimne@webeden.co.uk,Male,2012
844,Chrissy,Swepson,cswepsonnf@networksolutions.com,Male,1997
845,Conchita,Blannin,cblanninng@archive.org,Female,2012
846,Ewart,Shillam,eshillamnh@tuttocitta.it,Male,2008
847,Jannel,Breffit,jbreffitni@ow.ly,Female,2010
848,Scot,Morcombe,smorcombenj@china.com.cn,Male,2009
849,Odessa,Gager,ogagernk@walmart.com,Female,1969
850,Dallon,Haughey,dhaugheynl@arstechnica.com,Male,2010
851,Sabra,Wandrach,swandrachnm@pen.io,Female,1965
852,Mitch,McAusland,mmcauslandnn@ca.gov,Male,2002
853,Matteo,Frankland,mfranklandno@umich.edu,Male,2004
854,Charmion,Leadston,cleadstonnp@house.gov,Female,2005
855,Nickie,Weathers,nweathersnq@tinypic.com,Female,2012
856,Hernando,Merrigans,hmerrigansnr@cisco.com,Male,2010
857,Carine,Hughill,chughillns@prlog.org,Female,1990
858,Philippa,Haestier,phaestiernt@themeforest.net,Female,1992
859,Deana,Lomax,dlomaxnu@360.cn,Female,2003
860,Yale,Manthroppe,ymanthroppenv@symantec.com,Male,2010
861,Marshal,O'Clery,moclerynw@theatlantic.com,Male,2013
862,Devy,Stoeck,dstoecknx@moonfruit.com,Male,2006
863,Ruy,Baldery,rbalderyny@telegraph.co.uk,Male,2000
864,Vasily,Kleewein,vkleeweinnz@ning.com,Male,2004
865,Gertrudis,Dinley,gdinleyo0@amazon.co.jp,Female,1986
866,Frederigo,Fellgett,ffellgetto1@typepad.com,Male,1992
867,Brock,Weiser,bweisero2@amazon.com,Male,2001
868,Marcella,Cameron,mcamerono3@amazon.de,Female,2001
869,Sutton,Maggs,smaggso4@shareasale.com,Male,2009
870,Sharron,Fazzioli,sfazziolio5@ebay.co.uk,Female,1996
871,Andee,Bracknall,abracknallo6@ycombinator.com,Female,2010
872,Ambrosi,Lambarth,alambartho7@ft.com,Male,1992
873,Olag,Moutray Read,omoutrayreado8@blog.com,Male,2012
874,Weider,Mattacks,wmattackso9@blogs.com,Male,2007
875,Janaya,Francescotti,jfrancescottioa@ibm.com,Female,1993
876,Nikki,Shoorbrooke,nshoorbrookeob@flavors.me,Male,1985
877,Kathleen,Murdy,kmurdyoc@miitbeian.gov.cn,Female,2004
878,Zonnya,Ponton,zpontonod@slashdot.org,Female,1987
879,Vincents,Zorener,vzoreneroe@techcrunch.com,Male,1988
880,Timothea,Saban,tsabanof@wix.com,Female,2004
881,Bronny,Fairman,bfairmanog@tumblr.com,Male,1992
882,Sisely,Chene,scheneoh@mapy.cz,Female,1997
883,Lynnea,Merrifield,lmerrifieldoi@cbsnews.com,Female,1997
884,Win,Gatheral,wgatheraloj@google.pl,Male,2003
885,Jere,Castaner,jcastanerok@yale.edu,Male,2007
886,Laurice,Suddock,lsuddockol@house.gov,Female,2000
887,Morris,Sallings,msallingsom@illinois.edu,Male,2004
888,Rozalie,Sissland,rsisslandon@google.ca,Female,1983
889,Willie,Ingold,wingoldoo@biglobe.ne.jp,Female,1999
890,Merralee,Slaymaker,mslaymakerop@scribd.com,Female,2006
891,Pierre,Picheford,ppichefordoq@slideshare.net,Male,2011
892,Willy,Flieger,wfliegeror@state.gov,Female,1994
893,Mavis,Mayward,mmaywardos@yandex.ru,Female,2010
894,Tulley,Pollok,tpollokot@usatoday.com,Male,1998
895,Irene,Karpeev,ikarpeevou@biglobe.ne.jp,Female,2003
896,Cort,Ivancevic,civancevicov@technorati.com,Male,1988
897,Enrico,Menhci,emenhciow@who.int,Male,1992
898,Giustina,Taunton.,gtauntonox@is.gd,Female,1996
899,Lacy,Aleshintsev,laleshintsevoy@hatena.ne.jp,Female,1999
900,Annalise,Slopier,aslopieroz@squarespace.com,Female,2012
901,Hannis,Grace,hgracep0@joomla.org,Female,1995
902,Kristoffer,Loveguard,kloveguardp1@webmd.com,Male,2001
903,Ephrayim,Dunnan,edunnanp2@joomla.org,Male,2011
904,Shawna,Dearle,sdearlep3@go.com,Female,2001
905,Therese,Denecamp,tdenecampp4@who.int,Female,2000
906,Herc,Fishburn,hfishburnp5@discuz.net,Male,2004
907,Carlyle,Fison,cfisonp6@pbs.org,Male,1997
908,Kinsley,Bottomer,kbottomerp7@nasa.gov,Male,2006
909,Tiffani,Ewdale,tewdalep8@howstuffworks.com,Female,2000
910,Karrah,Glason,kglasonp9@ed.gov,Female,1998
911,Jesse,Sterrick,jsterrickpa@nyu.edu,Male,2012
912,Arman,MacMeanma,amacmeanmapb@bloglines.com,Male,2003
913,Mechelle,Lamborne,mlambornepc@arstechnica.com,Female,2006
914,Rosita,Shaxby,rshaxbypd@nsw.gov.au,Female,1989
915,Akim,Cuthill,acuthillpe@va.gov,Male,2010
916,Jere,Blaxley,jblaxleypf@nba.com,Female,1994
917,Liza,Murley,lmurleypg@amazon.co.uk,Female,1997
918,Loleta,De Andreis,ldeandreisph@ed.gov,Female,2008
919,Carly,Crannis,ccrannispi@eepurl.com,Male,2002
920,Tris,Quickfall,tquickfallpj@exblog.jp,Male,2011
921,Bee,Pallister,bpallisterpk@reference.com,Female,2007
922,Fara,Meadowcroft,fmeadowcroftpl@about.com,Female,1997
923,Patrick,Panswick,ppanswickpm@usgs.gov,Male,1993
924,Gayelord,Westney,gwestneypn@mashable.com,Male,2007
925,Joyce,Cashley,jcashleypo@mlb.com,Female,1994
926,Marleen,Baynard,mbaynardpp@trellian.com,Female,2010
927,Noelani,Moyer,nmoyerpq@stumbleupon.com,Female,1996
928,Lothario,Escofier,lescofierpr@a8.net,Male,1996
929,Hymie,Sieb,hsiebps@shareasale.com,Male,1999
930,Jolene,Akrigg,jakriggpt@mac.com,Female,2006
931,Alphonso,Goor,agoorpu@japanpost.jp,Male,1991
932,Shawn,Waleran,swaleranpv@technorati.com,Female,2001
933,Lanette,Scroyton,lscroytonpw@princeton.edu,Female,1998
934,Bealle,Abazi,babazipx@archive.org,Male,2004
935,Lizabeth,Zold,lzoldpy@studiopress.com,Female,2005
936,Farlie,Growcock,fgrowcockpz@fda.gov,Male,1991
937,Violet,Alfonsetto,valfonsettoq0@mlb.com,Female,2011
938,Codee,Blundon,cblundonq1@wsj.com,Female,2000
939,Nobie,Tuberfield,ntuberfieldq2@mail.ru,Male,1996
940,Marmaduke,Buddell,mbuddellq3@creativecommons.org,Male,2003
941,Killie,McCowen,kmccowenq4@bluehost.com,Male,1993
942,Bowie,Claesens,bclaesensq5@house.gov,Male,2007
943,Angelico,Tredger,atredgerq6@google.nl,Male,2006
944,Dotti,Pena,dpenaq7@devhub.com,Female,2007
945,Trueman,Slane,tslaneq8@webs.com,Male,1991
946,Trix,Ivanyukov,tivanyukovq9@google.ru,Female,1996
947,Janessa,Farra,jfarraqa@bizjournals.com,Female,2005
948,Ettie,Halleday,ehalledayqb@ustream.tv,Female,2003
949,Constantina,Geipel,cgeipelqc@dailymotion.com,Female,2002
950,Lesli,Cassius,lcassiusqd@wunderground.com,Female,2011
951,Kimble,Crichmer,kcrichmerqe@wikia.com,Male,2002
952,Janetta,Temperley,jtemperleyqf@google.co.jp,Female,2011
953,Meryl,Lambarton,mlambartonqg@webeden.co.uk,Female,1986
954,Michele,Dornin,mdorninqh@cbslocal.com,Male,1988
955,Sonya,Minchinden,sminchindenqi@squidoo.com,Female,2001
956,Rog,Lagneaux,rlagneauxqj@desdev.cn,Male,1995
957,Willow,Wands,wwandsqk@bigcartel.com,Female,2000
958,Gabrila,Drohan,gdrohanql@sina.com.cn,Female,1997
959,Jourdain,Tritton,jtrittonqm@google.pl,Male,2011
960,Rudolph,Slesser,rslesserqn@ask.com,Male,2001
961,Giffy,Bridgewood,gbridgewoodqo@economist.com,Male,1996
962,Giselle,Barensen,gbarensenqp@jigsy.com,Female,2004
963,Tallie,Newrick,tnewrickqq@rediff.com,Male,2008
964,Kristal,Gallyon,kgallyonqr@bbb.org,Female,2003
965,Northrup,Tirkin,ntirkinqs@livejournal.com,Male,2005
966,Elinor,Daish,edaishqt@privacy.gov.au,Female,1994
967,Zulema,de Merida,zdemeridaqu@opera.com,Female,2009
968,Demetria,Schowenburg,dschowenburgqv@usa.gov,Female,1993
969,Kalila,Yakhin,kyakhinqw@amazon.com,Female,1991
970,Dennie,Czapla,dczaplaqx@squarespace.com,Female,1990
971,Mychal,Spuffard,mspuffardqy@ucoz.com,Male,2005
972,Hermina,Jaspar,hjasparqz@guardian.co.uk,Female,2008
973,Trumann,Soulsby,tsoulsbyr0@mapquest.com,Male,2011
974,Teresina,Hendonson,thendonsonr1@nsw.gov.au,Female,2007
975,Hanni,Gheeorghie,hgheeorghier2@globo.com,Female,1998
976,Jody,McCoughan,jmccoughanr3@youku.com,Male,1988
977,Porty,Itschakov,pitschakovr4@yandex.ru,Male,2009
978,Kris,Ketteman,kkettemanr5@ovh.net,Male,1993
979,Ann,Lapides,alapidesr6@senate.gov,Female,2009
980,Guinna,Booker,gbookerr7@scribd.com,Female,1996
981,Pascal,Wandrey,pwandreyr8@dot.gov,Male,1998
982,Devin,Cramphorn,dcramphornr9@xinhuanet.com,Male,2012
983,Hilary,Muttitt,hmuttittra@dailymail.co.uk,Male,1995
984,Wadsworth,Shewring,wshewringrb@meetup.com,Male,2003
985,Madison,Revan,mrevanrc@cloudflare.com,Male,2009
986,Filbert,Ledwidge,fledwidgerd@odnoklassniki.ru,Male,1999
987,Phelia,Karp,pkarpre@i2i.jp,Female,1994
988,Erl,Rex,erexrf@cocolog-nifty.com,Male,2006
989,Nicola,Najera,nnajerarg@php.net,Male,2000
990,Arlina,Punch,apunchrh@netscape.com,Female,1998
991,Herve,Pre,hpreri@illinois.edu,Male,1994
992,Vidovik,Kryska,vkryskarj@comcast.net,Male,2010
993,Irving,Ramsell,iramsellrk@rediff.com,Male,1995
994,Ken,Cosstick,kcosstickrl@shareasale.com,Male,2008
995,Ruby,Ends,rendsrm@tmall.com,Male,1994
996,Luther,Davydenko,ldavydenkorn@51.la,Male,2000
997,Augy,Spoors,aspoorsro@google.com,Male,1992
998,Korey,Foxley,kfoxleyrp@marriott.com,Male,2011
999,Lemmie,Haslum,lhaslumrq@csmonitor.com,Male,1993
1000,Ambros,Swadlin,aswadlinrr@ow.ly,Male,1992
